"Path","SHA256","Bytes"
"src/main/java/com/zhimian/config/AsrProperties.java","A7F5BA652748F7583B6BA9DF38F9FD81ECD88E1E4C89B5731E332C725E4B3968","832"
"src/main/java/com/zhimian/config/DigitalHumanProperties.java","4C2AB0B9ED9792A812F6240480D38570F36EE284F77419C64B47FCE799D99DA4","815"
"src/main/java/com/zhimian/controller/DashboardController.java","9224C98E753E99186E5BB1E1BDBC78D31A294829BD6983FDB5CDE3B4F0B237DC","709"
"src/main/java/com/zhimian/controller/SpeechController.java","C8EB69CD825F4E4879068826738C3DD69746561FCCED1A0B99936F1172748466","979"
"src/main/java/com/zhimian/dto/DashboardOverviewResponse.java","0922A27EDC4B2FCCE3919BD25CDD2549D4DCE0CF2909539F41C420E17DFF4CC3","1946"
"src/main/java/com/zhimian/dto/SpeechTranscriptResponse.java","1CE1C6882B7E226012FDF07ED965F380FBFB1CE67D0319DC21200DEB9FFB8534","311"
"src/main/java/com/zhimian/service/ai/ZhipuAsrClient.java","06DE9B67C93AC71DDB587E8DDD4A171BA9E757AE4EF80A2DBA59C22D4DA3BC07","3286"
"src/main/java/com/zhimian/service/DashboardService.java","4C6F336E8DB2EC72BD19B626A96B7CD5599D7E1A7AED1ACDFE56CD65ECBDE675","14328"
"src/main/java/com/zhimian/service/DigitalHumanProcessManager.java","2A0A4B442D4513EED027AD68BA7CEFC4E402E2D52B2873A6C756B8F1F1AD69BB","7866"
"src/main/java/com/zhimian/service/SpeechRecognitionService.java","0CFC49A9250600949FECB302431ABC4C622A370ADFD3BAA5ACEFC9BB94F801D0","4273"
"src/main/resources/application.properties","C0F948E194594C5DE0C3080A3F750A3DB409F907D08BCBA5FD2B1E01F0830E4B","896"
"src/main/resources/static/job-logos/android.png","47546016B6FD6AFEBB03BF82ABB3EF605B35141AF10DF67F28AC675D4F230398","2646"
"src/main/resources/static/job-logos/apple.png","1BFE52CF5F7B55B2741A2C7BE6CED56414552E0800243BC043B73CFB722EFE40","2398"
"src/main/resources/static/job-logos/electron.png","88959EE86D69BC4562326B88688DE71A9524749151910F06D5B855C80A170F32","6373"
"src/main/resources/static/job-logos/flutter.png","5FFE8C4534EE83EDAC20425B9CEEDCC556A815F1BF196BE3C7C365C5E2DF8BEA","1005"
"src/main/resources/static/job-logos/go.png","E5F49DAB7638907A1A6181C62B2489A9C4D9DED586A8ED37AA6766D43DF19526","6250"
"src/main/resources/static/job-logos/nodejs.png","2D16CFFFAB2ABA84D7A9C33A0BEFE09886958293911A51810CA82418B2D75842","4661"
"src/main/resources/static/job-logos/openjdk.png","8F9DDC6E6BDA38D890514226281D6FB98E17AB1D37122E8BFBB211088F8D7DE3","5221"
"src/main/resources/static/job-logos/python.png","C14CD169AF6F1B7AA2E45C8F802A5F55346AF5E5234C57B14B74370BB7D98C2F","3557"
"src/main/resources/static/job-logos/wechat.png","3A408B0DBFF61588ED4B0EC7B74BA870BA8F6C19F13B27B3AE987D7268341B5A","4087"
"src/test/java/com/zhimian/service/DashboardServiceTest.java","AC5EF859EC7634590D730BCA5062FA55A644159C509552975DA8371278829CC5","1329"
